{
  "exp1": {
    "mean_curvature": 2.0307076827785613,
    "max_deviation": 6.171298793597216,
    "curvature_ratio": 1.3165437426340727,
    "pass": true
  },
  "exp2": {
    "max_trajectory_difference": 2.674700315412609e-13,
    "mean_difference": 1.5503455764040986e-13,
    "is_mass_independent": true,
    "pass": true
  },
  "exp3": {
    "max_distance": 10.013552638649982,
    "min_distance": 0.02594323237218161,
    "orbital_eccentricity": 0.9948317659162421,
    "bound": true,
    "pass": true
  },
  "exp4": {
    "curvature_with_chi": 22.914562172385004,
    "curvature_without_chi": 1.7268183214057125,
    "curvature_reduction": 92.46410073901934,
    "pass": true
  },
  "parameters": {
    "N": 512,
    "L": 40.0,
    "dx": 0.078125,
    "dt": 0.016572815184059706,
    "c": 1.0,
    "chi_amplitude": 0.5,
    "chi_scale": 5.0
  },
  "all_pass": true
}